City_ID,City,Lat,Lng,Max Temp,Humidity,Cloudiness,Wind Speed,Country,Date
0,ushuaia,-54.8,-68.3,0.8100000000000023,93,75,3.09,AR,1711763104
1,coquimbo,-29.9533,-71.3436,15.850000000000023,94,100,2.06,CL,1711762670
2,ust'-ilimsk,58.0006,102.6619,-11.419999999999959,81,100,4.02,RU,1711763326
3,tiksi,71.6872,128.8694,-23.72999999999999,89,100,4.58,RU,1711763211
4,ancud,-41.8697,-73.8203,10.450000000000045,82,37,2.86,CL,1711763226
5,kingston,17.997,-76.7936,27.53000000000003,78,20,1.03,JM,1711763291
6,mogadishu,2.0371,45.3438,27.99000000000001,79,95,6.08,SO,1711763331
7,waitangi,-43.9535,-176.5597,13.230000000000018,85,89,3.58,NZ,1711763333
8,waingapu,-9.6567,120.2641,28.840000000000032,72,6,2.26,ID,1711763334
9,uturoa,-16.7333,-151.4333,28.49000000000001,76,98,9.78,PF,1711763335
10,libenge,3.65,18.6333,26.27000000000004,54,97,1.9,CD,1711763337
11,edinburgh of the seven seas,-37.0676,-12.3116,15.860000000000014,71,12,8.65,SH,1711763338
12,bredasdorp,-34.5322,20.0403,16.900000000000034,88,54,4.18,ZA,1711763340
13,port-aux-francais,-49.35,70.2167,8.670000000000016,97,100,13.04,TF,1711763341
14,puerto natales,-51.7236,-72.4875,3.5,78,54,4.92,CL,1711763189
15,lebu,-37.6167,-73.65,12.740000000000009,78,84,9.07,CL,1711763344
16,ribeira grande,38.5167,-28.7,15.990000000000009,81,98,8.94,PT,1711763346
17,saint-philippe,-21.3585,55.7679,25.77000000000004,77,100,2.75,RE,1711763347
18,mana,5.6592,-53.7767,24.680000000000007,91,100,3.32,GF,1711763349
19,tazovsky,67.4667,78.7,-19.00999999999999,100,95,2.99,RU,1711763350
20,kristiansund,63.1115,7.732,6.360000000000014,75,100,0.51,NO,1711763352
21,margaret river,-33.95,115.0667,20.350000000000023,67,31,2.94,AU,1711763353
22,bilibino,68.0546,166.4372,-11.739999999999952,85,100,1.35,RU,1711763355
23,karwar,14.8,74.1333,25.400000000000034,81,23,0.93,IN,1711763356
24,adamstown,-25.066,-130.1015,23.350000000000023,71,93,12.32,PN,1711763357
25,isafjordur,66.0755,-23.124,-2.089999999999975,90,94,13.58,IS,1711763359
26,jamestown,42.097,-79.2353,2.7700000000000387,67,0,3.09,US,1711763215
27,nova sintra,14.8667,-24.7167,19.03000000000003,73,68,8.66,CV,1711763361
28,walvis bay,-22.9575,14.5053,13.53000000000003,100,2,2.57,NA,1711763363
29,nizhniy odes,63.6445,54.856,-3.7099999999999795,94,100,3.68,RU,1711763365
30,khilok,51.3674,110.4676,-6.849999999999966,36,3,2.64,RU,1711763366
31,mahibadhoo,3.7833,72.9667,28.960000000000036,73,92,2.48,MV,1711763368
32,nyurba,63.2842,118.3319,-16.439999999999998,89,68,1.06,RU,1711763369
33,wailua homesteads,22.0669,-159.378,27.24000000000001,72,75,7.72,US,1711763370
34,grytviken,-54.2811,-36.5092,3.3500000000000227,69,34,5.99,GS,1711763372
35,ust-nera,64.5667,143.2,-3.9599999999999795,88,100,2.81,RU,1711763373
36,chiguayante,-36.9167,-73.0167,13.29000000000002,72,0,4.12,CL,1711763375
37,mount gambier,-37.8333,140.7667,25.79000000000002,32,0,1.75,AU,1711763376
38,thunder bay,48.4001,-89.3168,0.9900000000000091,59,100,1.54,CA,1711763321
39,blackmans bay,-43.0167,147.3167,18.74000000000001,75,95,0.45,AU,1711763379
40,hawaiian paradise park,19.5933,-154.9731,23.82000000000005,87,100,3.6,US,1711763380
41,sitka,57.0531,-135.33,6.939999999999998,65,100,5.66,US,1711763382
42,ola,59.5833,151.2833,-2.009999999999991,74,100,1.21,RU,1711763383
43,constantia,44.1833,28.65,8.379999999999995,64,95,2.77,RO,1711763385
44,iskateley,67.6803,53.1512,-17.20999999999998,95,37,5.36,RU,1711763386
45,bonthe,7.5264,-12.505,25.350000000000023,79,85,2.22,SL,1711763388
46,remire-montjoly,4.9167,-52.2667,24.02000000000004,100,75,2.06,GF,1711763389
47,broken hill,-31.95,141.4333,28.930000000000007,46,23,2.29,AU,1711763391
48,albany,42.6001,-73.9662,3.2900000000000205,65,17,2.24,US,1711763393
49,tolanaro,-25.0319,46.9987,24.04000000000002,88,20,3.09,MG,1711763394
50,olonkinbyen,70.9221,-8.7187,-6.409999999999968,70,100,8.76,SJ,1711763395
51,khash,28.2211,61.2158,10.03000000000003,58,0,2.55,IR,1711763398
52,korla,41.7597,86.1469,17.58000000000004,23,65,0.77,CN,1711763400
53,guankou,28.15,113.6333,24.890000000000043,71,1,1.64,CN,1711763401
54,happy valley-goose bay,53.3168,-60.3315,0.17000000000001592,100,100,8.23,CA,1711763403
55,lebanon,36.2081,-86.2911,18.03000000000003,65,100,3.15,US,1711763404
56,saint-pierre,-21.3393,55.4781,25.82000000000005,73,0,1.54,RE,1711763405
57,papatowai,-46.5619,169.4708,14.640000000000043,65,39,2.89,NZ,1711763407
58,touros,-5.1989,-35.4608,26.640000000000043,87,92,2.61,BR,1711763409
59,punta arenas,-53.15,-70.9167,4.060000000000002,81,40,10.8,CL,1711763410
60,mejit,10.2753,170.8646,27.210000000000036,78,93,8.38,MH,1711763412
61,zigong,29.3416,104.7769,22.58000000000004,52,100,1.49,CN,1711763413
62,natal,-5.795,-35.2094,27.120000000000005,94,75,3.09,BR,1711763144
63,kalmunai,7.4167,81.8167,26.890000000000043,79,3,0.34,LK,1711763416
64,saldanha,-33.0117,17.9442,18.03000000000003,80,55,3.07,ZA,1711763417
65,selebi-phikwe,-21.979,27.8498,19.189999999999998,65,11,5.8,BW,1711763419
66,tionk essil,12.7856,-16.5217,22.03000000000003,50,16,5.28,SN,1711763420
67,luna,10.9667,123.2333,28.189999999999998,72,25,5.42,PH,1711763422
68,cidreira,-30.1811,-50.2056,20.379999999999995,84,100,2.52,BR,1711763423
69,hamilton,39.1834,-84.5333,15.960000000000036,51,0,0.89,US,1711763209
70,anadyr,64.75,177.4833,-15.71999999999997,77,0,6.0,RU,1711763426
71,palikir - national government center,6.9248,158.1611,30.470000000000027,70,100,7.72,FM,1711763427
72,voi,-3.3945,38.563,23.08000000000004,95,100,0.47,KE,1711763429
73,whitehorse,60.7161,-135.0538,6.430000000000007,31,75,5.14,CA,1711763143
74,keflavik,64.0049,-22.5624,-0.049999999999954525,74,0,7.2,IS,1711763432
75,hithadhoo,-0.6,73.0833,29.340000000000032,72,100,2.9,MV,1711763436
76,nili,33.7218,66.1302,6.660000000000025,69,11,3.13,AF,1711763438
77,al kharj,24.155,47.3346,22.32000000000005,25,100,4.07,SA,1711763332
78,invercargill,-46.4,168.35,13.900000000000034,80,50,1.79,NZ,1711763159
79,brookings,44.3114,-96.7984,4.5400000000000205,80,100,3.6,US,1711763371
80,iqaluit,63.7506,-68.5145,-9.149999999999977,72,100,3.6,CA,1711763232
81,santo antonio do ica,-3.1022,-67.9397,25.970000000000027,87,96,0.44,BR,1711763445
82,kilindoni,-7.9139,39.6668,27.480000000000018,80,87,1.19,TZ,1711763447
83,bazarnyye mataki,54.8833,49.9333,-1.6599999999999682,88,52,0.89,RU,1711763448
84,avarua,-21.2078,-159.775,31.03000000000003,70,20,5.14,CK,1711763450
85,atafu village,-8.5421,-172.5159,29.390000000000043,73,48,3.05,TK,1711763451
86,hermanus,-34.4187,19.2345,18.78000000000003,83,57,5.62,ZA,1711763453
87,utrik,11.2278,169.8474,27.0,77,96,7.95,MH,1711763454
88,santa marta,11.2408,-74.199,28.27000000000004,68,40,12.07,CO,1711763339
89,kolwezi,-10.7148,25.4667,16.730000000000018,96,100,1.39,CD,1711763458
90,bethel,41.3712,-73.414,5.050000000000011,56,40,4.63,US,1711763459
91,hammerfest,70.6634,23.6821,-3.75,80,100,3.09,NO,1711763461
92,vila franca do campo,37.7167,-25.4333,15.230000000000018,84,100,8.35,PT,1711763462
93,selfoss,63.9331,-20.9971,-1.0,56,3,9.1,IS,1711763464
94,maues,-3.3836,-57.7186,23.160000000000025,95,79,1.12,BR,1711763466
95,west island,-12.1568,96.8225,28.99000000000001,70,40,4.63,CC,1711763467
96,porto murtinho,-21.6989,-57.8825,29.140000000000043,48,99,2.02,BR,1711763468
97,lompoc,34.6391,-120.4579,12.230000000000018,85,100,6.17,US,1711763395
98,piti village,13.4626,144.6933,31.49000000000001,67,75,5.66,GU,1711763471
99,yanykurgan,43.915,67.2481,3.580000000000041,72,22,5.16,KZ,1711763473
100,marsh harbour,26.5412,-77.0636,20.80000000000001,56,0,6.16,BS,1711763474
101,buchanan,5.8808,-10.0467,26.79000000000002,93,93,1.6,LR,1711763475
102,anchorage,61.2181,-149.9003,5.939999999999998,60,100,6.69,US,1711763400
103,camden,39.7835,-74.9663,9.890000000000043,48,2,2.24,US,1711763343
104,kone,-21.0595,164.8658,28.189999999999998,47,0,5.6,NC,1711763480
105,afaahiti,-17.75,-149.2833,29.930000000000007,79,100,7.48,PF,1711763481
106,williams lake,52.1415,-122.1445,6.760000000000048,36,20,2.57,CA,1711763247
107,vadso,70.0744,29.7487,-3.909999999999968,80,100,5.66,NO,1711763486
108,puerto ayora,-0.7393,-90.3518,25.860000000000014,94,80,4.02,EC,1711763487
109,poronaysk,49.2167,143.1167,0.010000000000047748,100,100,3.38,RU,1711763489
110,yellowknife,62.456,-114.3525,-9.70999999999998,62,20,3.6,CA,1711763246
111,nar'yan-mar,67.6713,53.087,-17.159999999999968,95,41,5.36,RU,1711763492
112,kununurra,-15.7667,128.7333,33.99000000000001,52,23,3.09,AU,1711763493
113,puerto baquerizo moreno,-0.9,-89.6,25.420000000000016,81,54,4.1,EC,1711763409
114,faya-largeau,17.9257,19.1043,27.860000000000014,16,10,7.9,TD,1711763496
115,robore,-18.3333,-59.75,24.610000000000014,80,100,1.39,BO,1711763497
116,tobelo,1.7284,128.0095,29.100000000000023,72,73,2.2,ID,1711763499
117,port alfred,-33.5906,26.891,19.170000000000016,83,88,6.84,ZA,1711763500
118,kerikeri,-35.2268,173.9474,22.730000000000018,44,2,0.89,NZ,1711763502
119,begun,24.9833,75.0,25.480000000000018,32,24,1.82,IN,1711763503
120,alzamay,55.5562,98.6644,1.0,98,100,1.21,RU,1711763505
121,stepnoye,51.4,46.8667,5.3799999999999955,85,100,7.0,RU,1711763506
122,heihe,50.2441,127.4902,-0.3100000000000023,55,100,5.86,CN,1711763508
123,dwarka,22.2394,68.9678,24.340000000000032,76,0,4.99,IN,1711763511
124,evanston,42.0411,-87.6901,7.2900000000000205,63,100,5.66,US,1711763280
125,enewetak,11.3474,162.3373,27.170000000000016,81,100,9.07,MH,1711763513
126,new norfolk,-42.7826,147.0587,19.400000000000034,49,56,0.82,AU,1711763515
127,sao joao da barra,-21.6403,-41.0511,24.560000000000002,94,100,4.95,BR,1711763516
128,karachi,24.9056,67.0822,22.900000000000034,78,0,3.09,PK,1711763403
129,ribeira brava,32.65,-17.0667,17.230000000000018,85,83,10.03,PT,1711763519
130,uige,-7.6087,15.0613,19.970000000000027,92,100,1.04,AO,1711763520
131,vilyuchinsk,52.9306,158.4028,1.150000000000034,86,13,1.46,RU,1711763522
132,fort st. john,56.2499,-120.8529,2.9399999999999977,28,0,3.6,CA,1711763523
133,talnakh,69.4865,88.3972,-9.669999999999959,93,100,9.21,RU,1711763525
134,luorong,24.4058,109.6086,25.890000000000043,72,52,5.0,CN,1711763526
135,mantua,45.1667,10.7833,12.830000000000041,96,100,1.34,IT,1711763528
136,merizo village,13.2658,144.6691,31.310000000000002,82,59,6.41,GU,1711763529
137,sierra vista,31.5545,-110.3037,21.25,13,0,11.32,US,1711763531
138,kruisfontein,-34.0033,24.7314,17.710000000000036,83,42,2.23,ZA,1711763532
139,san luis,-33.295,-66.3356,22.5,53,0,2.87,AR,1711763534
140,mutum,-19.8,-41.4383,22.870000000000005,95,100,0.56,BR,1711763535
141,bayevo,53.2833,80.7667,2.930000000000007,95,100,5.0,RU,1711763537
142,kodiak,57.79,-152.4072,6.730000000000018,76,75,3.09,US,1711763524
143,ceyrat,45.7318,3.0633,8.350000000000023,81,100,3.09,FR,1711763541
144,east london,-33.0153,27.9116,19.210000000000036,78,58,4.05,ZA,1711763543
145,sinop,41.7711,34.8709,10.950000000000045,77,13,1.26,TR,1711762981
146,port lincoln,-34.7333,135.8667,23.200000000000045,49,5,2.57,AU,1711763545
147,guia lopes da laguna,-21.4578,-56.1142,23.160000000000025,88,27,1.93,BR,1711763402
148,daru,-9.0763,143.2092,30.460000000000036,70,100,1.84,PG,1711763548
149,santa cruz,-17.8,-63.1667,26.700000000000045,78,75,5.14,BO,1711763145
150,trairi,-3.2778,-39.2689,25.79000000000002,94,39,2.15,BR,1711763520
151,nuuk,64.1835,-51.7216,-2.659999999999968,68,12,3.6,GL,1711763445
152,gadzhiyevo,69.2551,33.3362,-13.579999999999984,100,90,1.93,RU,1711763554
153,ta`u,-14.2336,-169.5144,29.310000000000002,75,76,3.2,AS,1711763556
154,dryden,49.7833,-92.7503,0.160000000000025,59,75,1.54,CA,1711763557
155,sorong,-0.8833,131.25,29.04000000000002,72,69,3.01,ID,1711763560
156,illizi,26.4833,8.4667,18.890000000000043,9,0,2.15,DZ,1711763561
157,bamboo flat,11.7,92.7167,29.05000000000001,79,39,1.03,IN,1711763563
158,port elizabeth,-33.918,25.5701,18.939999999999998,95,0,4.63,ZA,1711763265
159,nicoya,10.1483,-85.452,27.400000000000034,62,10,4.62,CR,1711763565
160,richards bay,-28.783,32.0377,20.680000000000007,89,77,3.86,ZA,1711763567
161,duba,27.3513,35.6901,23.210000000000036,53,0,1.67,SA,1711763568
162,vorgashor,67.5833,63.95,-11.21999999999997,96,100,2.67,RU,1711763570
163,aykhal,66.0,111.5,-17.099999999999966,92,90,7.16,RU,1711763571
164,kasempa,-13.4584,25.8338,18.350000000000023,80,71,1.49,ZM,1711763573
165,energetik,51.7445,58.7934,-5.21999999999997,89,31,2.49,RU,1711763574
166,port mathurin,-19.6833,63.4167,26.689999999999998,84,99,5.62,MU,1711763576
167,pisco,-13.7,-76.2167,23.03000000000003,88,0,7.72,PE,1711763577
168,demyansk,57.643,32.466,5.490000000000009,90,100,3.96,RU,1711763579
169,belmonte,-15.8631,-38.8828,26.260000000000048,85,33,1.1,BR,1711763580
170,shwebo,22.5667,95.7,30.460000000000036,36,4,1.6,MM,1711763582
171,nikolayevsk-on-amure,53.1406,140.73,1.4300000000000068,91,100,3.9,RU,1711763583
172,bam,29.106,58.357,12.379999999999995,16,1,4.23,IR,1711763585
173,ilulissat,69.2167,-51.1,-13.989999999999952,85,59,1.03,GL,1711763586
174,sao gabriel da cachoeira,-0.1303,-67.0892,23.680000000000007,98,100,0.48,BR,1711763589
175,san julian,21.0167,-102.1667,18.870000000000005,15,0,4.01,MX,1711763590
176,burang,30.25,81.1667,-1.6899999999999977,85,100,2.18,CN,1711763592
177,acapulco de juarez,16.8634,-99.8901,25.150000000000034,69,49,3.3,MX,1711763535
178,mingshui,36.7167,117.5,19.210000000000036,22,6,7.29,CN,1711763595
179,klyuchi,52.2667,79.1667,5.150000000000034,84,99,5.71,RU,1711763596
180,qaqortoq,60.7167,-46.0333,-9.259999999999991,84,4,2.64,GL,1711763601
181,pitimbu,-7.4706,-34.8086,26.33000000000004,84,100,4.46,BR,1711763602
182,lazaro cardenas,17.9583,-102.2,22.930000000000007,74,60,1.78,MX,1711763373
183,al kharijah,25.4514,30.5464,18.670000000000016,55,0,3.76,EG,1711763605
184,la passe,45.5549,-0.8967,7.210000000000036,93,100,5.8,FR,1711763606
185,lamar,33.6668,-95.5836,19.950000000000045,68,0,4.63,US,1711763608
186,stanley,54.868,-1.6985,5.400000000000034,93,20,3.09,GB,1711763609
187,el granada,37.5027,-122.4694,12.490000000000009,90,100,8.23,US,1711763612
188,ostersund,63.1792,14.6357,-0.75,100,100,2.68,SE,1711763548
189,vanimo,-2.6741,141.3028,29.25,78,43,2.66,PG,1711763615
190,minot,48.2325,-101.2963,1.1200000000000045,75,100,7.72,US,1711763599
191,labrador city,52.9463,-66.9114,0.9500000000000455,96,100,4.12,CA,1711763618
192,domoni,-12.2569,44.5319,27.160000000000025,86,97,3.18,KM,1711763620
193,tofol,5.3248,163.0078,29.879999999999995,79,100,7.72,FM,1711763621
194,fale old settlement,-9.3852,-171.2468,29.510000000000048,74,48,3.32,TK,1711763623
195,gebeit,21.0667,36.3167,21.220000000000027,59,100,1.83,SD,1711763624
196,petropavlovsk-kamchatsky,53.0452,158.6483,0.3300000000000409,47,0,5.0,RU,1711763626
197,mount pearl,47.5166,-52.7813,11.189999999999998,96,100,8.75,CA,1711763627
198,hobyo,5.3505,48.5268,27.57000000000005,70,99,6.54,SO,1711763629
199,mlonggo,-6.5333,110.7,29.660000000000025,74,11,1.36,ID,1711763630
200,alesund,62.4723,6.1549,9.510000000000048,66,75,4.12,NO,1711763631
201,hilo,19.7297,-155.09,23.939999999999998,90,100,3.6,US,1711763633
202,mahur,25.1667,93.1167,23.220000000000027,59,56,1.08,IN,1711763634
203,tura,25.5198,90.2201,25.79000000000002,59,71,1.79,IN,1711763635
204,aasiaat,68.7098,-52.8699,-19.319999999999965,96,74,3.15,GL,1711763637
205,zaio,34.9428,-2.7329,12.990000000000009,54,100,12.49,MA,1711763638
206,laghouat,33.8,2.8651,11.79000000000002,50,0,6.38,DZ,1711763640
207,khandyga,62.6667,135.6,-13.339999999999975,91,100,2.0,RU,1711763641
208,ilhabela,-23.7781,-45.3581,23.82000000000005,91,96,1.08,BR,1711763642
209,menziken,47.25,8.1833,17.379999999999995,65,20,3.09,CH,1711763644
210,siwa oasis,29.2041,25.5195,16.610000000000014,60,0,3.07,EG,1711763645
211,kalat,29.0225,66.5916,7.850000000000023,71,0,2.45,PK,1711763647
212,kourou,5.1552,-52.6478,24.03000000000003,93,100,2.23,GF,1711763648
213,plesetsk,62.708,40.2916,-0.18999999999999773,98,100,3.19,RU,1711763650
214,port saint john's,-31.6229,29.5448,20.200000000000045,83,99,1.21,ZA,1711763651
215,berdigestyakh,62.0989,126.6992,-18.43999999999997,82,16,4.21,RU,1711763653
216,hasaki,35.7333,140.8333,22.939999999999998,60,0,3.34,JP,1711763654
217,codrington,-38.2667,141.9667,23.060000000000002,42,0,3.82,AU,1711763656
218,zhangjiakou,40.81,114.8794,7.360000000000014,24,35,6.25,CN,1711763657
219,carnarvon,-24.8667,113.6333,28.160000000000025,41,85,4.94,AU,1711763659
220,thompson,55.7435,-97.8558,-2.909999999999968,33,100,3.09,CA,1711763660
221,igarka,67.4667,86.5833,-4.569999999999993,95,100,10.2,RU,1711763662
222,namibe,-15.1961,12.1522,23.340000000000032,86,100,1.94,AO,1711763663
223,berriane,32.8265,3.7669,17.450000000000045,17,0,6.5,DZ,1711763665
224,lagos,6.5833,3.75,29.180000000000007,82,100,3.16,NG,1711763403
225,tateyama,34.9833,139.8667,22.960000000000036,35,20,7.72,JP,1711763671
226,coquimatlan,19.2,-103.8,21.5,44,10,1.0,MX,1711763674
227,huarmey,-10.0681,-78.1522,23.260000000000048,84,95,3.81,PE,1711763675
228,kingscliff,-28.2667,153.5667,26.640000000000043,65,100,5.66,AU,1711763677
229,saint-leu,-21.15,55.2833,25.480000000000018,73,100,0.99,RE,1711763678
230,puerto armuelles,8.2833,-82.8667,30.05000000000001,62,91,4.47,PA,1711763679
231,crane,31.3974,-102.3501,23.32000000000005,24,97,3.21,US,1711763681
232,sumbe,-11.2061,13.8437,26.930000000000007,87,98,1.48,AO,1711763682
233,shimoda,34.6667,138.95,21.200000000000045,53,0,9.62,JP,1711763684
234,roman,46.9167,26.9167,13.379999999999995,53,67,2.63,RO,1711763685
235,antsiranana,-12.2787,49.2917,25.54000000000002,88,100,2.85,MG,1711763686
236,as suki,13.3167,33.8833,27.610000000000014,14,28,4.08,SD,1711763688
237,nemuro,43.3236,145.575,5.650000000000034,76,7,11.39,JP,1711763691
238,taroa,8.7058,171.2275,27.689999999999998,81,100,7.82,MH,1711763692
239,syktyvkar,61.6764,50.8099,1.8500000000000227,87,100,1.0,RU,1711763694
240,doka,13.5167,35.7667,26.590000000000032,13,96,3.68,SD,1711763695
241,maralal,1.0968,36.698,16.24000000000001,78,34,1.69,KE,1711763697
242,changli,39.7042,119.1506,10.160000000000025,20,0,7.08,CN,1711763698
243,whangarei,-35.7317,174.3239,19.129999999999995,40,4,5.26,NZ,1711763699
244,parkes,-33.1333,148.1833,28.760000000000048,29,0,3.41,AU,1711763701
245,hadibu,12.65,54.0333,25.720000000000027,70,92,3.67,YE,1711763702
246,leh,34.1667,77.5833,-6.7999999999999545,78,91,1.88,IN,1711763704
247,fonte boa,-2.4959,-66.2662,26.640000000000043,84,99,1.52,BR,1711763705
248,san patricio,28.017,-97.5169,21.970000000000027,74,46,7.31,US,1711763706
249,abalak,58.1286,68.5944,-8.139999999999986,94,86,3.07,RU,1711763708
250,broome,42.2506,-75.833,3.2100000000000364,69,100,5.66,US,1711763709
251,hami,42.8,93.45,17.5,26,34,3.85,CN,1711763710
252,nagqu,31.5,92.0,2.5500000000000114,24,3,5.42,CN,1711763712
253,kailua-kona,19.6406,-155.9956,26.980000000000018,85,100,4.63,US,1711763713
254,bathsheba,13.2167,-59.5167,27.340000000000032,74,20,2.06,BB,1711763715
255,bengkulu,-3.8004,102.2655,28.140000000000043,73,81,0.15,ID,1711763716
256,kidal,18.4411,1.4078,28.860000000000014,17,100,4.06,ML,1711763718
257,sechura,-5.5569,-80.8222,25.010000000000048,65,54,5.87,PE,1711763719
258,tobol,52.6844,62.5794,-5.060000000000002,93,43,5.17,KZ,1711763721
259,tucurui,-3.7661,-49.6725,23.890000000000043,99,100,1.12,BR,1711763684
260,st. john's,47.5649,-52.7093,11.660000000000025,96,100,8.75,CA,1711763613
261,velikiy ustyug,60.7644,46.3106,3.5500000000000114,91,100,4.02,RU,1711763724
262,konotop,51.2403,33.2026,5.600000000000023,90,23,3.0,UA,1711763726
263,chui,-33.6971,-53.4616,20.120000000000005,94,0,1.75,UY,1711763594
264,yarmouth,41.7057,-70.2286,8.260000000000048,60,0,10.73,US,1711763730
265,yanchep,-31.55,115.6833,25.900000000000034,65,100,2.25,AU,1711763731
266,zeya,53.75,127.2667,-5.839999999999975,81,100,4.6,RU,1711763733
267,laurel,39.0993,-76.8483,12.220000000000027,40,0,2.06,US,1711763728
268,bikenibeu village,1.3673,173.1241,30.980000000000018,79,20,4.63,KI,1711763736
269,mugia,43.1041,-9.2179,7.170000000000016,80,100,4.56,ES,1711763737
270,guerrero negro,27.9769,-114.0611,16.33000000000004,70,73,5.73,MX,1711763525
271,ironwood,46.4547,-90.171,4.189999999999998,64,100,1.54,US,1711763740
272,arraial do cabo,-22.9661,-42.0278,24.310000000000002,92,100,6.69,BR,1711763741
273,mukalla,14.5425,49.1242,25.870000000000005,70,77,2.37,YE,1711763743
274,xining,36.6167,101.7667,8.090000000000032,28,2,0.68,CN,1711763744
275,wladyslawowo,54.7909,18.4009,11.629999999999995,82,100,1.57,PL,1711763746
276,nevel',56.0209,29.9284,3.7100000000000364,92,79,2.78,RU,1711763747
277,fortuna,40.5982,-124.1573,11.629999999999995,84,20,0.0,US,1711763748
278,lorengau,-2.0226,147.2712,28.74000000000001,79,100,2.59,PG,1711763750
279,hailun,47.45,126.9333,1.920000000000016,39,100,4.38,CN,1711763751
280,georgetown,5.4112,100.3354,26.970000000000027,78,40,2.06,MY,1711763594
281,fang,19.9169,99.2145,31.04000000000002,23,5,1.62,TH,1711763754
282,badger,64.8,-147.5333,7.140000000000043,37,40,4.12,US,1711763502
283,dubbo,-32.25,148.6167,28.07000000000005,44,0,1.03,AU,1711763757
284,margate,51.3813,1.3862,9.610000000000014,88,80,1.34,GB,1711763637
285,armacao de buzios,-22.7469,-41.8817,26.03000000000003,94,100,5.44,BR,1711763760
286,tavistock,50.5494,-4.1442,8.170000000000016,91,41,3.22,GB,1711763761
287,fada,9.5667,8.3,25.310000000000002,47,100,0.21,NG,1711763763
288,dudinka,69.4058,86.1778,-7.9599999999999795,93,100,11.18,RU,1711763764
289,borovskoy,53.8,64.15,-7.519999999999982,93,85,5.31,KZ,1711763765
290,porto novo,6.4965,2.6036,29.900000000000034,85,100,3.39,BJ,1711763767
291,holualoa,19.6228,-155.9522,24.910000000000025,85,100,4.63,US,1711763768
292,longyearbyen,78.2186,15.6401,-17.089999999999975,66,75,7.2,SJ,1711763769
293,kamaishi,39.2667,141.8833,12.490000000000009,60,14,6.93,JP,1711763771
294,atchison,39.563,-95.1216,21.33000000000004,57,80,6.84,US,1711763772
295,quebo,11.3333,-14.9333,23.30000000000001,77,100,1.4,GW,1711763773
296,blagoveshchenka,52.8333,79.8667,3.57000000000005,92,100,4.77,RU,1711763775
297,tabou,4.423,-7.3528,27.04000000000002,91,100,2.88,CI,1711763777
298,susuman,62.7833,148.1667,-5.009999999999991,86,100,4.02,RU,1711763778
299,padang,-0.9492,100.3543,28.03000000000003,80,96,1.68,ID,1711763779
300,baie-saint-paul,47.4411,-70.4986,6.470000000000027,60,100,8.05,CA,1711763781
301,el bauga,18.262,33.9081,24.260000000000048,14,96,7.43,SD,1711763783
302,bayanhongor,46.7167,100.1167,-6.560000000000002,74,32,0.15,MN,1711763784
303,yicheng,31.3705,119.8703,20.730000000000018,62,100,3.06,CN,1711763785
304,mount isa,-20.7333,139.5,29.870000000000005,66,100,6.69,AU,1711763787
305,el calafate,-50.3408,-72.2768,3.430000000000007,67,21,3.66,AR,1711763635
306,vernon,50.2581,-119.2691,10.740000000000009,60,50,1.03,CA,1711763712
307,ozu,33.5,132.55,19.54000000000002,56,100,0.63,JP,1711763791
308,asaita,11.5636,41.4394,26.200000000000045,74,37,4.35,ET,1711763792
309,arinos,-15.9169,-46.1056,25.110000000000014,74,100,0.65,BR,1711763794
310,puerto ayacucho,5.6639,-67.6236,28.360000000000014,67,91,3.8,VE,1711763686
311,san antonio de pale,-1.4014,5.6325,27.890000000000043,80,98,4.08,GQ,1711763797
312,naze,28.3667,129.4833,19.510000000000048,61,100,2.65,JP,1711763798
313,shetpe,44.1667,52.1167,4.220000000000027,44,52,2.87,KZ,1711763799
314,la ronge,55.1001,-105.2842,-3.859999999999957,86,100,1.54,CA,1711763801
315,sisimiut,66.9395,-53.6735,-9.189999999999998,79,40,3.76,GL,1711763802
316,xunchang,28.4543,104.715,25.04000000000002,41,92,2.04,CN,1711763804
317,terrace,54.5163,-128.6035,11.950000000000045,19,20,3.09,CA,1711763747
318,arno,60.1167,18.6333,1.5500000000000114,96,98,1.43,SE,1711763807
319,amuntai,-2.4177,115.2494,31.400000000000034,60,54,1.13,ID,1711763808
320,wynyard,-41.0,145.7167,21.060000000000002,49,22,3.93,AU,1711763810
321,itapirapua,-15.8233,-50.6133,23.28000000000003,90,51,1.65,BR,1711763811
322,baiyin,36.5583,104.2081,13.330000000000041,21,72,1.2,CN,1711763813
323,khanty-mansiysk,61.0042,69.0019,-13.939999999999998,78,0,1.0,RU,1711763814
324,urengoy,65.9667,78.3667,-17.849999999999966,99,72,1.91,RU,1711763817
325,sept-iles,50.2001,-66.3821,4.2900000000000205,94,100,4.12,CA,1711763818
326,sandnessjoen,66.0217,12.6316,0.29000000000002046,69,100,7.17,NO,1711763820
327,jerada,34.31,-2.16,8.270000000000039,70,98,3.44,MA,1711763821
328,azna,33.6095,48.9307,7.150000000000034,37,42,1.27,IR,1711763822
329,karpinsk,59.7654,60.0085,-3.17999999999995,92,100,3.35,RU,1711763824
330,rabo de peixe,37.8,-25.5833,14.730000000000018,72,40,7.72,PT,1711763826
331,manokwari,-0.8667,134.0833,29.04000000000002,72,100,2.82,ID,1711763827
332,lamphun,18.25,98.9167,29.5,27,0,1.66,TH,1711763829
333,podgornoye,51.735,39.1496,10.920000000000016,87,0,3.0,RU,1711763830
334,iquitos,-3.7481,-73.2472,24.02000000000004,94,100,1.54,PE,1711763832
335,an nimas,19.1455,42.1201,13.720000000000027,70,96,2.91,SA,1711763833
336,progreso,21.2833,-89.6667,25.060000000000002,70,0,7.78,MX,1711763346
337,abong mbang,3.9833,13.1833,23.07000000000005,83,100,1.71,CM,1711763836
338,erenhot,43.6475,111.9767,0.57000000000005,29,62,2.17,CN,1711763838
339,kiunga,-6.1219,141.2906,27.610000000000014,84,94,1.17,PG,1711763839
340,buncrana,55.1333,-7.45,3.32000000000005,92,92,1.91,IE,1711763840
341,mildura,-34.2,142.15,33.370000000000005,33,3,0.67,AU,1711763842
342,udgir,18.3833,77.1167,30.05000000000001,31,13,5.51,IN,1711763843
343,lycksele,64.5954,18.6735,-2.069999999999993,93,100,3.09,SE,1711763845
344,san vicente,-26.6167,-54.1333,19.370000000000005,77,8,1.14,AR,1711763410
345,dagda,56.0951,27.5372,5.410000000000025,86,100,2.55,LV,1711763848
346,olyokminsk,60.3736,120.4264,-13.399999999999977,78,75,2.09,RU,1711763849
347,ormara,25.2088,64.6357,23.210000000000036,69,0,4.99,PK,1711763851
348,haiku-pauwela,20.9219,-156.3051,26.010000000000048,67,40,10.29,US,1711763852
349,udachny,66.4167,112.4,-14.879999999999995,80,89,5.89,RU,1711763855
350,edwardsville,38.8114,-89.9532,20.04000000000002,52,0,6.69,US,1711763610
351,bagan,54.1001,77.6646,0.4800000000000182,96,87,2.86,RU,1711763858
352,black river,18.0264,-77.8487,25.620000000000005,74,95,1.75,JM,1711763859
353,alofi,-19.0595,-169.9187,28.939999999999998,74,96,3.09,NU,1711763861
354,merritt,50.1123,-120.7942,5.150000000000034,69,65,2.23,CA,1711763862
355,tazacorte,28.629,-17.9293,17.54000000000002,92,100,2.06,ES,1711763865
356,turpan,42.9333,89.1667,22.150000000000034,23,81,1.31,CN,1711763866
357,yanam,16.7333,82.2167,28.30000000000001,70,1,2.07,IN,1711763868
358,waounde,15.2637,-12.8682,29.230000000000018,20,100,5.88,SN,1711763869
359,colonia,50.9333,6.95,9.980000000000018,91,0,2.06,DE,1711763802
360,laojunmiao,39.8333,97.7333,11.75,20,8,1.74,CN,1711763872
361,hoemul-li,41.4339,129.67,8.860000000000014,33,3,6.06,KP,1711763874
362,isola di capo rizzuto,38.96,17.0933,17.32000000000005,83,0,5.33,IT,1711763875
363,berezovyy,51.6667,135.7,2.3100000000000023,82,100,1.84,RU,1711763877
364,baruun-urt,46.6806,113.2792,-5.009999999999991,44,98,4.9,MN,1711763878
365,dongxi,28.7614,106.6611,24.29000000000002,60,54,0.52,CN,1711763880
366,borzya,50.3833,116.5167,-8.729999999999961,51,46,7.17,RU,1711763881
367,olney,39.1532,-77.0669,11.590000000000032,41,0,3.09,US,1711763856
368,antofagasta,-23.65,-70.4,19.600000000000023,82,45,1.71,CL,1711763842
369,wenatchee,47.4235,-120.3103,14.210000000000036,51,20,0.89,US,1711763885
370,alice springs,-23.7,133.8833,30.75,51,0,3.6,AU,1711763886
371,challapata,-18.9,-66.7667,12.060000000000002,53,69,2.34,BO,1711763888
372,tokmok,42.8417,75.3016,5.689999999999998,88,100,1.34,KG,1711763889
373,kiffa,16.6166,-11.4045,28.640000000000043,20,54,3.98,MR,1711763890
374,al jawf,29.5,38.75,14.580000000000041,74,39,3.8,SA,1711763892
375,luderitz,-26.6481,15.1594,16.58000000000004,83,8,2.15,NA,1711763893
376,kapa'a,22.0752,-159.319,27.99000000000001,72,75,7.72,US,1711763895
377,monze,-16.2833,27.4833,18.30000000000001,87,85,2.82,ZM,1711763896
378,arrifes,37.7667,-25.7,14.140000000000043,72,40,7.72,PT,1711763898
379,christchurch,-43.5333,172.6333,17.170000000000016,63,100,4.63,NZ,1711763864
380,boali,4.8005,18.1275,25.52000000000004,46,99,1.37,CF,1711763901
381,isla vista,34.4133,-119.861,12.220000000000027,84,100,4.63,US,1711763902
382,nakamura,32.9833,132.9333,21.54000000000002,52,98,1.15,JP,1711763904
383,meadow lakes,61.6247,-149.6011,4.990000000000009,56,100,5.66,US,1711763905
384,coxim,-18.5067,-54.76,24.060000000000002,87,86,0.8,BR,1711763581
385,codajas,-3.8367,-62.0569,25.140000000000043,91,89,1.34,BR,1711763908
386,kievka,50.2619,71.5514,-0.2799999999999727,90,100,5.48,KZ,1711763909
387,markovo,57.3206,107.0881,-11.089999999999975,77,24,1.79,RU,1711763911
388,jieshi,22.8134,115.8257,24.450000000000045,82,100,2.93,CN,1711763912
389,college,64.8569,-147.8028,7.180000000000007,37,75,4.12,US,1711763913
390,cidade velha,14.9167,-23.6167,21.260000000000048,68,40,7.2,CV,1711763915
391,rikaze,29.25,88.8833,8.610000000000014,18,62,0.67,CN,1711763916
392,caconda,-13.7333,15.0667,16.700000000000045,91,99,0.44,AO,1711763917
393,lae,-6.7221,146.9847,29.370000000000005,65,99,1.82,PG,1711763919
394,melfort,52.8667,-104.6177,-2.92999999999995,80,96,2.06,CA,1711763920
395,xilin hot,43.9667,116.0333,-2.909999999999968,29,0,6.78,CN,1711763829
396,macon,39.8667,-88.9668,18.03000000000003,39,0,6.17,US,1711763690
397,murray bridge,-35.1167,139.2667,32.410000000000025,24,3,2.44,AU,1711763925
398,saudarkrokur,65.7461,-19.6394,-2.4599999999999795,85,100,9.51,IS,1711763926
399,imbituba,-28.24,-48.6703,21.720000000000027,94,91,3.61,BR,1711763767
400,minas de marcona,-15.2119,-75.1103,18.879999999999995,84,42,4.77,PE,1711763929
401,novyy urgal,51.0736,132.5642,-0.6699999999999591,79,50,0.77,RU,1711763930
402,weno,7.4515,151.8468,30.970000000000027,70,40,6.17,FM,1711763932
403,okhotsk,59.3833,143.3,-1.7199999999999704,91,100,10.17,RU,1711763933
404,maumere,-8.6199,122.2111,29.30000000000001,76,55,2.16,ID,1711763935
405,kirakira,-10.4544,161.9205,29.370000000000005,78,100,3.96,SB,1711763936
406,shihezi,44.3,86.0333,11.370000000000005,64,68,3.52,CN,1711763721
407,chibougamau,49.9168,-74.3659,-4.2099999999999795,68,100,6.17,CA,1711763939
408,constitucion,-35.3333,-72.4167,15.640000000000043,79,3,5.25,CL,1711763940
409,pathein,16.7833,94.7333,30.49000000000001,40,1,2.77,MM,1711763941
410,turtas,58.9417,69.1325,-11.829999999999984,96,88,2.33,RU,1711763943
411,nadym,65.5333,72.5167,-13.370000000000005,93,100,4.38,RU,1711763944
412,lohfelden,51.2667,9.5333,10.28000000000003,93,20,2.06,DE,1711763946
413,retreat,38.8245,-85.8533,15.180000000000007,56,100,3.08,US,1711763948
414,egilsstadir,65.2653,-14.3948,-2.0499999999999545,93,100,12.86,IS,1711763949
415,hachinohe,40.5,141.5,11.370000000000005,59,10,8.59,JP,1711763951
416,mezhdurechenskiy,59.6,65.9333,-8.71999999999997,93,100,2.74,RU,1711763952
417,ndele,8.4109,20.6473,24.410000000000025,18,100,0.91,CF,1711763954
418,dali,25.7,100.1833,14.510000000000048,68,61,2.33,CN,1711763955
419,westport,41.1415,-73.3579,6.020000000000039,54,4,4.92,US,1711763786
420,long beach,33.767,-118.1892,16.140000000000043,73,0,5.14,US,1711763729
421,torghay,49.6339,63.4981,-2.8799999999999955,87,43,5.46,KZ,1711763959
422,pangkalanbuun,-2.6833,111.6167,30.640000000000043,65,73,2.01,ID,1711763961
423,pasni,25.2631,63.471,22.58000000000004,69,0,2.64,PK,1711763962
424,gorontalo,0.5412,123.0595,26.920000000000016,89,100,1.18,ID,1711763964
425,saipan,15.1355,145.701,31.390000000000043,62,75,9.26,MP,1711763965
426,wellington,-41.2866,174.7756,15.03000000000003,71,75,9.77,NZ,1711763840
427,la libertad,-2.2333,-80.9,24.29000000000002,79,95,1.49,EC,1711763825
428,port augusta,-32.5,137.7667,30.99000000000001,37,6,3.24,AU,1711763970
429,sinabang,2.4803,96.3801,26.860000000000014,82,92,1.6,ID,1711763971
430,labytnangi,66.6572,66.4183,-11.96999999999997,96,100,1.34,RU,1711763973
431,vila velha,-20.3297,-40.2925,26.970000000000027,95,40,1.03,BR,1711763756
432,severo-yeniseyskiy,60.3725,93.0408,-6.899999999999977,87,95,5.81,RU,1711763976
433,miquelon,47.0975,-56.3814,5.0,100,100,10.56,PM,1711763977
434,kolonia town,6.964,158.206,28.340000000000032,80,100,10.53,FM,1711763978
435,bell ville,-32.6259,-62.6887,21.480000000000018,57,0,3.64,AR,1711763980
436,blenheim,-41.516,173.9528,14.730000000000018,71,100,1.34,NZ,1711763981
437,spittal an der drau,46.8,13.5,9.5,100,100,1.52,AT,1711763982
438,port isabel,26.0734,-97.2086,22.25,76,0,8.75,US,1711763700
439,darovskoy,58.77,47.9564,1.4700000000000273,98,100,3.33,RU,1711763985
440,kirensk,57.7853,108.1119,-13.909999999999968,88,42,1.79,RU,1711763987
441,kolonia,50.9333,6.95,9.980000000000018,91,0,2.06,DE,1711763802
442,wafangdian,39.6183,122.0081,6.5400000000000205,22,44,8.89,CN,1711763990
443,brisas de zicatela,15.8369,-97.0419,25.640000000000043,78,73,1.19,MX,1711763991
444,flying fish cove,-10.4217,105.6791,27.82000000000005,83,75,4.12,CX,1711763993
445,winkler,49.1817,-97.941,-0.8799999999999955,93,100,3.09,CA,1711763995
446,najaf,31.9985,44.3398,21.57000000000005,31,100,3.48,IQ,1711763996
447,carauari,-4.8828,-66.8958,24.55000000000001,97,100,0.43,BR,1711763998
448,acarau,-2.8856,-40.12,26.370000000000005,90,8,3.05,BR,1711763999
449,lihue,21.9789,-159.3672,27.58000000000004,72,75,7.72,US,1711764001
450,suzun,53.7841,82.3116,3.080000000000041,87,99,3.61,RU,1711764003
451,penzance,50.1186,-5.5371,9.379999999999995,75,3,7.62,GB,1711764004
452,mahina,-17.5065,-149.489,30.870000000000005,62,40,4.12,PF,1711764007
453,mar del plata,-38.0023,-57.5575,23.620000000000005,75,0,7.15,AR,1711764008
454,greenville,35.6127,-77.3663,14.090000000000032,67,0,0.0,US,1711763793
455,kaoma,-14.7833,24.8,19.55000000000001,78,99,1.77,ZM,1711764013
456,kulhudhuffushi,6.6221,73.07,28.610000000000014,76,84,3.22,MV,1711764015
457,es castell,39.8795,4.2854,17.379999999999995,67,0,5.66,ES,1711764018
458,sinan,34.8262,126.1086,16.060000000000002,83,17,5.98,KR,1711764020
459,jurmala,56.968,23.7704,6.100000000000023,93,100,1.03,LV,1711764021
460,riberalta,-10.9833,-66.1,23.390000000000043,96,100,0.93,BO,1711763753
461,sinuiju,40.1006,124.3981,6.770000000000039,26,99,6.27,KP,1711764024
462,luziania,-16.2525,-47.9503,23.83000000000004,87,98,1.47,BR,1711763953
463,angaur state,6.906,134.13,28.25,81,13,7.62,PW,1711764027
464,staraya russa,57.9944,31.3608,4.430000000000007,87,100,4.22,RU,1711764029
465,alaghsas,17.0187,8.0168,26.55000000000001,9,28,1.48,NE,1711764030
466,fort bragg,35.139,-79.006,15.910000000000025,38,0,3.09,US,1711764032
467,olonets,60.9847,32.9698,2.240000000000009,98,100,3.34,RU,1711764033
468,mindelo,16.8901,-24.9804,21.75,68,75,5.66,CV,1711764035
469,igrim,63.1906,64.4162,-2.3899999999999864,96,100,4.86,RU,1711764037
470,santa ana,33.7456,-117.8678,16.29000000000002,67,20,7.72,US,1711763791
471,wainwright,52.839,-110.8572,-4.789999999999964,49,88,2.43,CA,1711764040
472,smithers,54.7804,-127.1743,8.180000000000007,23,0,2.57,CA,1711764042
473,bridgewater,44.3835,-64.5155,5.060000000000002,99,100,7.2,CA,1711764044
474,kingaroy,-26.5333,151.8333,25.710000000000036,53,44,4.12,AU,1711763896
475,madalena,41.2162,-8.3345,8.32000000000005,96,100,1.89,PT,1711764047
476,kavaratti,10.5669,72.642,28.140000000000043,77,88,2.82,IN,1711764048
477,aldama,22.9167,-98.0667,23.610000000000014,80,41,2.84,MX,1711764050
478,springbok,-29.6643,17.8865,21.090000000000032,35,0,2.6,ZA,1711764051
479,as sulayyil,20.4607,45.5779,22.140000000000043,25,23,4.4,SA,1711764052
480,onverwacht,5.5833,-55.1833,26.0,89,20,3.09,SR,1711764054
481,tarauaca,-8.1614,-70.7656,26.5,75,100,0.97,BR,1711764018
482,poli,-3.3333,36.8,16.360000000000014,93,91,1.32,TZ,1711764057
483,quellon,-43.1167,-73.6167,7.890000000000043,89,10,2.52,CL,1711764059
484,eraan,9.0629,117.7016,32.64000000000004,52,48,1.41,PH,1711764060
485,ust'-kut,56.7938,105.7672,-11.169999999999959,80,100,1.45,RU,1711764062
486,cabo san lucas,22.8909,-109.9124,22.010000000000048,66,0,4.69,MX,1711763947
487,strezhevoy,60.7333,77.5889,-0.01999999999998181,97,100,4.92,RU,1711764065
488,puerto palomas,31.7667,-107.6167,21.07000000000005,15,38,7.87,MX,1711764067
489,ishigaki,24.3448,124.1572,24.07000000000005,94,75,2.57,JP,1711764068
490,razdol'noye,45.7708,33.4878,9.300000000000011,73,60,0.53,UA,1711764070
491,astrakhan,46.3497,48.0408,5.930000000000007,81,0,4.0,RU,1711764071
492,sur,22.5667,59.5289,23.200000000000045,66,5,0.59,OM,1711764073
493,wanning,18.8003,110.3967,28.170000000000016,74,3,4.34,CN,1711764075
494,sirte,31.2089,16.5887,17.189999999999998,51,0,6.97,LY,1711764076
495,narasannapeta,18.4167,84.05,28.57000000000005,61,0,3.54,IN,1711764077
496,orivesi,61.6777,24.3572,2.170000000000016,78,100,4.2,FI,1711764079
497,safotu,-13.4513,-172.4018,29.189999999999998,73,94,1.42,WS,1711764080
498,xiaoweizhai,26.1903,107.5125,20.260000000000048,82,84,2.79,CN,1711764082
499,twon-brass,4.3151,6.2418,28.74000000000001,78,100,5.95,NG,1711764083
500,makarov,48.6333,142.8,0.28000000000002956,99,100,2.25,RU,1711764085
501,sebastopol,44.6,33.5333,11.110000000000014,48,21,0.45,UA,1711763841
502,filadelfia,39.9523,-75.1638,9.470000000000027,47,0,9.77,US,1711763865
503,scarborough,54.2797,-0.4044,6.760000000000048,87,38,4.47,GB,1711764090
504,harrisburg,40.2737,-76.8844,9.29000000000002,40,0,5.14,US,1711763926
505,zhaqsy,51.9083,67.3133,-6.5,94,99,5.62,KZ,1711764095
506,goderich,43.7501,-81.7165,2.730000000000018,74,96,2.06,CA,1711764007
507,idri,27.5,13.2667,19.660000000000025,27,0,4.69,LY,1711764042
508,rosarito,32.3333,-117.0333,15.510000000000048,68,1,4.44,MX,1711764005
509,mil'kovo,55.6078,37.7956,6.080000000000041,95,70,3.11,RU,1711764101
510,eureka,40.8021,-124.1637,11.78000000000003,81,100,4.92,US,1711764041
511,nabire,-3.3667,135.4833,30.74000000000001,65,67,1.94,ID,1711764104
512,grand falls-windsor,48.9332,-55.6649,3.6100000000000136,94,100,1.79,CA,1711764105
513,colchani,-20.3,-66.9333,12.0,57,68,1.87,BO,1711764107
514,prince rupert,54.3161,-130.3201,9.050000000000011,61,0,7.72,CA,1711764013
515,tadine,-21.55,167.8833,25.340000000000032,63,12,6.17,NC,1711764110
516,pelileo,-1.3167,-78.5333,14.650000000000034,70,100,1.17,EC,1711764112
517,ottumwa,41.02,-92.4113,18.30000000000001,85,100,5.52,US,1711764007
518,taltal,-25.4,-70.4833,19.54000000000002,83,32,1.34,CL,1711764086
519,quartu sant'elena,39.2419,9.1839,16.950000000000045,72,0,4.63,IT,1711763931
520,ti port-de-paix,19.9333,-72.8333,25.120000000000005,80,69,7.93,HT,1711763960
521,junin de los andes,-39.9504,-71.0694,6.53000000000003,61,45,2.81,AR,1711764119
522,ingeniero guillermo n. juarez,-23.9,-61.85,29.439999999999998,36,51,3.55,AR,1711764121
523,seven pagodas,12.6264,80.1722,27.27000000000004,63,30,3.61,IN,1711764122
524,bhamo,24.2667,97.2333,26.52000000000004,55,74,0.89,MM,1711764124
525,juneau,58.3019,-134.4197,6.340000000000032,100,100,2.04,US,1711764103
526,zeribet el oued,34.6828,6.5111,19.28000000000003,20,0,3.03,DZ,1711764127
527,katsuura,35.1333,140.3,23.010000000000048,55,0,7.89,JP,1711764128
528,tindouf,27.6711,-8.1474,13.25,58,0,6.17,DZ,1711764073
529,chatra,24.2167,84.8667,29.30000000000001,33,62,1.96,IN,1711764131
530,kyren,51.6828,102.1408,-3.359999999999957,92,100,0.89,RU,1711764133
531,oban,56.4127,-5.4706,5.210000000000036,85,99,2.28,GB,1711764134
532,bocaiuva,-17.1078,-43.815,24.840000000000032,86,71,1.4,BR,1711764136
533,plunge,55.9114,21.8442,8.330000000000041,77,95,3.82,LT,1711764137
534,bhilai,21.2167,81.4333,27.07000000000005,28,63,3.79,IN,1711764130
535,pangody,65.85,74.4859,-15.310000000000002,95,100,2.31,RU,1711764141
536,ad dabbah,18.05,30.95,24.189999999999998,20,19,6.05,SD,1711764142
537,papayal,-4.0761,-80.7361,23.950000000000045,74,83,0.49,PE,1711764144
538,bad wildungen,51.1196,9.1248,8.28000000000003,100,100,1.54,DE,1711764145
539,at taj,24.2049,23.2857,16.950000000000045,24,0,5.04,LY,1711764147
540,laascaanood,8.4774,47.3597,20.52000000000004,78,23,4.39,SO,1711764148
541,chesma,53.8111,60.6533,-6.509999999999991,86,13,3.23,RU,1711764149
542,puerto aysen,-45.4,-72.7,5.8799999999999955,98,99,2.91,CL,1711764151
543,shenjiamen,29.9576,122.298,14.57000000000005,82,100,7.53,CN,1711764152
544,cockburn town,21.4612,-71.1419,24.730000000000018,72,94,10.12,TC,1711763929
545,skowhegan,44.7651,-69.7192,6.82000000000005,75,100,7.57,US,1711764049
546,rio grande,-32.035,-52.0986,22.620000000000005,88,7,5.36,BR,1711763988
547,impfondo,1.6381,18.0667,25.110000000000014,72,61,1.35,CG,1711764158
548,dakhla,23.6848,-15.958,17.480000000000018,79,36,4.73,EH,1711764159
549,ujkigyos,46.5833,21.0333,15.620000000000005,74,100,3.89,HU,1711764161
550,guatrache,-37.6678,-63.5302,18.340000000000032,61,0,5.04,AR,1711764162
551,rongelap,11.1635,166.8941,27.189999999999998,74,60,9.0,MH,1711764164
552,akureyri,65.6835,-18.0878,-1.0399999999999636,86,100,7.2,IS,1711763932
553,sao jose da coroa grande,-8.8978,-35.1478,27.810000000000002,76,97,4.08,BR,1711764167
554,brezina,33.0989,1.2608,11.520000000000039,62,5,5.25,DZ,1711764168
555,borogontsy,62.6683,131.1683,-17.539999999999964,89,99,3.5,RU,1711764169
556,homer,59.6425,-151.5483,6.560000000000002,56,100,4.02,US,1711764171
557,jumla,29.2747,82.1838,13.550000000000011,59,100,0.21,NP,1711764172
558,papao,-17.75,-149.55,30.82000000000005,78,100,8.15,PF,1711764173
559,zhongshan,21.3226,110.5829,25.78000000000003,74,1,3.98,CN,1711764175
560,farafangana,-22.8167,47.8333,23.24000000000001,91,17,1.56,MG,1711764176
561,bandon,51.7469,-8.7425,4.770000000000039,93,78,3.02,IE,1711764178
562,monticello,45.3055,-93.7941,6.100000000000023,61,100,2.57,US,1711764121
563,czestochowa,50.7965,19.1241,10.760000000000048,80,100,3.61,PL,1711764180
564,onguday,50.75,86.15,2.9700000000000273,92,100,1.28,RU,1711764182
565,bijie,27.3125,105.2942,19.010000000000048,52,9,2.6,CN,1711764183
566,fort lee,40.8509,-73.9701,6.28000000000003,52,0,7.2,US,1711763977
